{
    "rmse": 0.6974540385055766,
    "mae": 0.545308757481398,
    "r2": 0.2391911854111618
}